Borrower,Borrower Trader,Lender,Lender Trader,Term,Volume,Rate,Depo.Repo,Bid.Broker,Ask.Broker,Net,AS_OF_DATE
江苏银行上海,沈煜,交行,姚怡辰,1,20,1.4,NA,NA,NA,NA,4/1/2020
江苏银行上海,沈煜,建行,吴凡,1,10,1.4,NA,NA,NA,NA,4/1/2020
江苏银行上海,沈煜,云南省联社,NA,1,10,1.4,NA,NA,NA,NA,4/1/2020
江西银行,陈宇婧,国开,米良,1,15,1.4,NA,NA,NA,NA,4/1/2020
廊坊银行,孙选龙,国开,米良,1,3,1.4,NA,NA,NA,NA,4/1/2020
石嘴山银行,魏祯,国开,米良,1,3,1.4,NA,NA,NA,NA,4/1/2020
合肥科技农商,NA,国开,米良,1,5,1.4,NA,NA,NA,NA,4/1/2020
温州鹿城农商,李盼盼,国开,米良,1,3,1.4,NA,NA,NA,NA,4/1/2020
诸暨农商,NA,国开,米良,1,4,1.4,NA,NA,NA,NA,4/1/2020
农行资管,乔峥,中融基金,NA,7,10,1.8,NA,NA,NA,NA,4/1/2020
农行资管,乔峥,宁波银行,汤雅军,7,20,1.9,NA,NA,NA,NA,4/1/2020
农行资管,乔峥,银华基金,王昊,7,6,1.8,NA,NA,NA,NA,4/1/2020
农行资管,乔峥,银华基金,王昊,7,4,1.8,NA,NA,NA,NA,4/1/2020
农行资管,乔峥,贵阳银行,NA,7,10,1.8,NA,NA,NA,NA,4/1/2020
肥东农商,NA,渤海银行,于欣言,1,5,1.4,NA,NA,NA,NA,4/1/2020
海尔财务,NA,渤海银行,于欣言,1,10,1.5,NA,NA,NA,NA,4/1/2020
南方电网财务,曹扬,渤海银行,于欣言,1,10,1.4,NA,NA,NA,NA,4/1/2020
中泰证券,尹航,渤海银行,于欣言,1,3,1.4,NA,NA,NA,NA,4/1/2020
中银国际证券资管,徐小明,渤海银行,于欣言,1,5,1.5,NA,NA,NA,NA,4/1/2020
南方电网财务,曹扬,江苏银行上海,沈煜,1,4.5,1.5,NA,NA,NA,NA,4/1/2020
国金基金,NA,天津银行,李子卓,1,3,1.65,NA,NA,NA,NA,4/1/2020
国金基金,NA,光大银行,尹春辉,1,5,1.6,NA,NA,NA,NA,4/1/2020
中银国际证券资管,蒋立胤,泉州银行,许汉坡,7,3,1.7,NA,NA,NA,NA,4/1/2020
中银国际证券资管,蒋立胤,青海省联社,NA,5,1.7,1.6,NA,NA,NA,NA,4/1/2020
交行资管,张睿灿,华安基金,王迎,7,1.7,1,NA,NA,NA,NA,4/1/2020
中银国际证券资管,朱云,华安基金,王迎,7,5.4,1.7,NA,NA,NA,NA,4/1/2020
富国基金,罗石,南京银行,张卉,1,10,1.7,NA,NA,NA,NA,4/1/2020
富国基金,沈佳妮,南京银行,张卉,1,5,1.7,NA,NA,NA,NA,4/1/2020
富国基金,孙天谌,平安银行,宋曾睿,28,0.2,1.9,NA,NA,NA,NA,4/1/2020
交行资管,张睿灿,泉州银行,许汉坡,7,1.7,1.7,NA,NA,NA,NA,4/1/2020
交行资管,张睿灿,大华银行,赵一琪,7,3,1.7,NA,NA,NA,NA,4/1/2020
交行资管,张睿灿,富国基金,NA,7,1.5,1.7,NA,NA,NA,NA,4/1/2020
交行资管,张睿灿,青海省联社,NA,7,1.5,1.6,NA,NA,NA,NA,4/1/2020
诸暨农商,NA,民生银行同业部,李甍,7,2,2,NA,NA,NA,NA,4/1/2020
诸暨农商,NA,恒丰银行资管,NA,1,3,1.4,NA,NA,NA,NA,4/1/2020
廊坊银行,孙选龙,浦发银行,王珏 货币市场部,1,5,1.4,NA,NA,NA,NA,4/1/2020
厦门银行,牟薇,农发,姚锐,1,5,1.46,拆借,NA,NA,NA,4/1/2020
准格尔煤田农联社,邢日强,招商银行,邹萌 资负部,1,1.3,1.4,NA,NA,NA,NA,4/1/2020
准格尔煤田农联社,邢日强,邮储,范昊t,14,2,1.4,NA,NA,NA,NA,4/1/2020
富国基金,沈佳妮,赣州银行,NA,1,5,1.7,NA,NA,NA,NA,4/1/2020
中银国际证券资管,徐莎莎,江苏银行上海,沈煜,1,1.03,1.5,NA,NA,NA,NA,4/1/2020
皖东农商,NA,平安银行,徐漫,1,3,1.4,NA,NA,NA,NA,4/1/2020
皖东农商,NA,招商银行,邹萌 资负部,1,3,1.4,NA,NA,NA,NA,4/1/2020
中银国际证券资管,徐小明,平安银行,徐漫,1,5.1,1.5,NA,NA,NA,NA,4/1/2020
中银国际证券资管,徐浩辰,江苏银行上海,沈煜,1,0.52,1.5,NA,NA,NA,NA,4/1/2020
中银国际证券资管,徐浩辰,江苏银行上海,沈煜,1,0.4,1.5,NA,NA,NA,NA,4/1/2020
肥东农商,NA,平安银行,徐漫,1,5,1.4,NA,NA,NA,NA,4/1/2020
肥东农商,NA,江苏银行上海,沈煜,1,5,1.4,NA,NA,NA,NA,4/1/2020
介休农商,左思哲,平安银行,徐漫,1,2,1.4,NA,NA,NA,NA,4/1/2020
江苏银行上海,沈煜,光大银行,王培萌,1,20,1.4,拆借,NA,NA,NA,4/1/2020
台湾银行,李诗晗,mizuho,李敏,1,1,1.403,depo,NA,NA,NA,4/1/2020
中石化财务,苗菲,浦发,王珏 货币市场部,1,20,1.7,depo,NA,NA,NA,4/1/2020
国泰世华,NA,平安银行,徐漫,1,4.1,1.41,NA,NA,NA,NA,4/1/2020
平安银行,宋增睿,武汉农,NA,1,10,1.41,NA,NA,NA,NA,4/1/2020
廊坊银行,NA,武汉农,NA,1,10,1.41,NA,NA,NA,NA,4/1/2020
平安银行,蔡雪婷,武汉农,NA,1,10,1.41,NA,NA,NA,NA,4/1/2020
平安银行,赵梓辰,武汉农,NA,1,10,1.41,NA,NA,NA,NA,4/1/2020
华夏资管,NA,平安银行,徐漫,1,20,1.5,NA,NA,NA,NA,4/1/2020
百年人寿,叶杰,民生,李甍,7,3,2,NA,NA,NA,NA,4/1/2020
万联证券,NA,招商,邹萌资负部,1,4,1.5,NA,NA,NA,NA,4/1/2020
万联证券,NA,招商,邹萌资负部,1,4,1.5,NA,NA,NA,NA,4/1/2020
泉州银行,NA,国开,米良,1,5,1.41,NA,NA,NA,NA,4/1/2020
昆仑银行,NA,国开,米良,1,10,1.41,NA,NA,NA,NA,4/1/2020
兴业基金,章高源,平安银行,徐漫,1,5,1.5,NA,NA,NA,NA,4/1/2020
浦银安盛,NA,平安银行,徐漫,1,5,1.6,NA,NA,NA,NA,4/1/2020
景顺长城,NA,平安银行,徐漫,1,10,1.6,NA,NA,NA,NA,4/1/2020
招商基金,NA,平安银行,徐漫,1,2.5,1.6,NA,NA,NA,NA,4/1/2020
平安银行,徐漫,国开,米良,7,15,1.8,NA,NA,NA,NA,4/1/2020
浦发,白严 货币市场部,建行,矫,1,50,1.4,depo,NA,NA,NA,4/1/2020
兴业基金,谢馨榕,渤海银行,NA,1,5,1.41,NA,NA,NA,NA,4/1/2020
百年人寿,叶杰,民生,李甍,7,2,2,NA,NA,NA,NA,4/1/2020
浦发,刘乙一 货币市场部,恒丰,NA,1,50,1.41,depo,NA,NA,NA,4/1/2020
浦发,刘乙一 货币市场部,农行sh,刘大伟,1,50,1.41,depo,NA,NA,NA,4/1/2020
浦发,刘乙一 货币市场部,口行,姜怡,1,5,1.41,depo,NA,NA,NA,4/1/2020
浦发,刘乙一 货币市场部,交行,姚怡辰,1,20,1.41,depo,NA,NA,NA,4/1/2020
平安银行,丁涛,泉州银行,许汉坡,7,5,1.7,NA,NA,NA,NA,4/1/2020
浦发,刘乙一 货币市场部,OCBC,NA,1,5,1.403,depo,NA,NA,NA,4/1/2020
景顺长城,NA,光大,尹春辉,1,5,1.5,NA,NA,NA,NA,4/1/2020
浦发,刘乙一 货币市场部,兴业,周平 计财部,1,50,1.41,depo,NA,NA,NA,4/1/2020
平安银行,丁涛,交银施罗德,NA,7,2,1.7,NA,NA,NA,NA,4/1/2020
平安基金,朱深俊,浦发,刘乙一 货币市场部,1,5,1.7,NA,NA,NA,NA,4/1/2020
景顺长城,NA,浦发,王珏 货币市场部,1,10,1.6,NA,NA,NA,NA,4/1/2020
景顺长城,NA,兴业,周平 计财部,1,6.68,1.5,NA,NA,NA,NA,4/1/2020
景顺长城,NA,兴业,周平 计财部,1,0.62,1.5,NA,NA,NA,NA,4/1/2020
浦发,白严 货币市场部,建行,矫,1,50,1.41,depo,NA,NA,NA,4/1/2020
泉州银行,许汉坡,建行,矫,1,5,1.4,NA,NA,NA,NA,4/1/2020
平安银行,丁涛,景顺长城,NA,14,2,1.8,NA,NA,NA,NA,4/1/2020
浦发,刘乙一 货币市场部,BNP,NA,1,5,1.403,depo,NA,NA,NA,4/1/2020
浦发,刘乙一 货币市场部,华夏,NA,1,50,1.41,depo,NA,NA,NA,4/1/2020
浦发,刘乙一 货币市场部,韩亚,NA,1,1,1.403,depo,NA,NA,NA,4/1/2020
平安银行,赵梓辰,甘肃省联社,NA,7,5.25,1.5,NA,NA,NA,NA,4/1/2020
景顺长城,NA,建行,NA,1,17.5,1.5,NA,NA,NA,NA,4/1/2020
浦发,白严 货币市场部,建行,NA,1,50,1.41,depo,NA,NA,NA,4/1/2020
浦发,刘乙一 货币市场部,韩国企业银行,NA,1,1,1.403,depo,NA,NA,NA,4/1/2020
建信投资,NA,平安银行,樊燕然,7,5,1.7,NA,NA,NA,NA,4/1/2020
浦发,王珏 货币市场部,盘古,NA,1,2,1.403,depo,NA,NA,NA,4/1/2020
浦发,刘乙一 货币市场部,口行,姜怡,1,8,1.4,depo,NA,NA,NA,4/1/2020
浦银安盛,陶逸,平安银行,蔡雪婷,1,4.5,1.7,NA,NA,NA,NA,4/1/2020
平安证券sz,张海D,贵阳银行,罗静,1,2,1.8,NA,NA,NA,NA,4/1/2020
浦发,王珏 货币市场部,光大,王培萌,1,45,1.403,depo,NA,NA,NA,4/1/2020
平安银行,徐漫,兴业银行,黄昭人,1,100,1.39,NA,NA,NA,net,4/1/2020
浦发,王珏 货币市场部,华夏,李烨,1,50,1.41,depo,NA,NA,NA,4/1/2020
温州银行,刘黛妮,国开,米良,1,10,1.39,NA,NA,NA,NA,4/1/2020
华商银行,蔺博慧,国开,米良,1,10,1.39,NA,NA,NA,NA,4/1/2020
渣打银行,严珞诗,国开,米良,1,10,1.39,NA,NA,NA,NA,4/1/2020
华夏银行,李烨,中信银行,潘岳新,1,20,1.4,depo,NA,NA,NA,4/1/2020
华夏银行,李烨,中信银行,潘岳新,1,20,1.4,depo,NA,NA,NA,4/1/2020
华夏银行,李烨,中信银行,潘岳新,1,20,1.4,depo,NA,NA,NA,4/1/2020
华夏银行,李烨,中信银行,潘岳新,1,20,1.4,depo,NA,NA,NA,4/1/2020
华夏银行,李烨,中信银行,潘岳新,1,20,1.4,depo,NA,NA,NA,4/1/2020
华夏银行,李烨,中信银行,潘岳新,1,20,1.4,depo,NA,NA,NA,4/1/2020
兴业基金,席修媛,光大银行,王培萌,1,5,1.6,NA,NA,NA,NA,4/1/2020
兴业基金,席修媛,光大银行,王培萌,1,5,1.6,NA,NA,NA,NA,4/1/2020
长城基金,胡瑞洁,恒丰银行资管,吴伟森,1,0.7,1.45,NA,NA,NA,NA,4/1/2020
长城基金,梁娟,廊坊银行,孙选龙,1,1,1.55,NA,NA,NA,NA,4/1/2020
建信基金,刘泽洋,国寿安保,谭雅文,7,5,1.9,NA,NA,NA,NA,4/1/2020
建信基金,郭梦云,甘肃银行,黄瑜倩,7,3.5,1.7,NA,NA,NA,NA,4/1/2020
黑龙江省联社,郑云明,重庆银行,陈希,1,10,1.29,NA,NA,NA,NA,4/1/2020
黑龙江省联社,郑云明,重庆银行,陈希,1,5,1.29,NA,NA,NA,NA,4/1/2020
黑龙江省联社,郑云明,农行sh,刘大伟,1,5,1.39,NA,NA,NA,NA,4/1/2020
兴业基金,章高源,恒丰银行资管,吴伟森,1,1.5,1.45,NA,NA,NA,NA,4/1/2020
兴业基金,章高源,恒丰银行资管,吴伟森,1,2.75,1.45,NA,NA,NA,NA,4/1/2020
黑龙江省联社,郑云明,兴业银行,周平 计财部,1,5,1.39,NA,NA,NA,NA,4/1/2020
上汽财务,张鹏宇,民生银行同业部,梁英,14,10,1.8,NA,NA,NA,NA,4/1/2020
上汽财务,张鹏宇,民生银行同业部,梁英,14,10,1.8,NA,NA,NA,NA,4/1/2020
ocbc,joy,浦发银行,王珏 货币市场部,1,2.5,1.39,NA,NA,NA,NA,4/1/2020
渣打银行,严珞诗,浦发银行,刘乙一 货币市场部,1,10,1.39,NA,NA,NA,NA,4/1/2020
长城基金,梁娟,平安银行,宋增睿,1,2,1.7,NA,NA,NA,NA,4/1/2020
建信基金,刘泽洋,苏州银行,宰晓敏,1,3,1.55,NA,NA,NA,NA,4/1/2020
甘肃银行,黄瑜倩,江苏银行,沈煜,1,1.3,1.39,NA,NA,NA,NA,4/1/2020
建信基金,刘泽洋,华安基金,王迎,1,3,1.7,NA,NA,NA,NA,4/1/2020
建信基金,刘泽洋,廊坊银行,孙选龙,1,5,1.65,NA,NA,NA,NA,4/1/2020
兴业银行,黄昭人 计财部,华夏银行,李烨,1,50,1.39,NA,NA,NA,net,4/1/2020
兴业银行,黄昭人 计财部,华夏银行,李烨,1,50,1.39,NA,NA,NA,net,4/1/2020
兴业银行,黄昭人 计财部,广发银行,裴铎,1,50,1.41,depo,NA,NA,net,4/1/2020
华夏银行,李烨,平安银行,徐漫,1,50,1.39,NA,NA,NA,NA,4/1/2020
华夏银行,李烨,平安银行,徐漫,1,50,1.39,NA,NA,NA,NA,4/1/2020
华夏银行,李烨,兴业银行,黄昭人 计财部,1,50,1.41,depo,NA,NA,NA,4/1/2020
大成基金,NA,泉州银行,许汉坡,1,5,1.6,NA,NA,NA,NA,4/1/2020
中化工程财务,NA,宁波银行,赵宇晗,1,1.5,1.5,NA,NA,NA,NA,4/1/2020
平安银行,宋增睿,苏州农,NA,1,3,1.5,NA,NA,NA,NA,4/1/2020
余姚农商,陆叶挺,国开,米良,1,4,1.4,NA,NA,NA,NA,4/1/2020
唐山银行,李凌峰,国开,米良,1,10,1.4,NA,NA,NA,NA,4/1/2020
杭州联合,施攀峰,国开,米良,1,5,1.4,NA,NA,NA,NA,4/1/2020
绵阳商行,张庆丽,国开,米良,1,5,1.4,NA,NA,NA,NA,4/1/2020
潍坊银行,于建平,国开,米良,1,5,1.4,NA,NA,NA,NA,4/1/2020
华润银行,张嘉玮,国开,米良,1,10,1.4,NA,NA,NA,NA,4/1/2020
荆州农商,王蒙,国开,米良,1,3,1.4,NA,NA,NA,NA,4/1/2020
襄阳农商,黄悦,国开,米良,1,3,1.4,NA,NA,NA,NA,4/1/2020
义乌农商,徐飞,国开,米良,1,3,1.4,NA,NA,NA,NA,4/1/2020
晋江农商,刘婉莹,国开,米良,1,3.96,1.4,NA,NA,NA,NA,4/1/2020
天津农商,李亚珂,邮储,范昊t,14,5,1.55,NA,NA,NA,NA,4/1/2020
邮储,范昊t,渣打,江婉玲,1,10,1.3,NA,NA,NA,NA,4/1/2020
邮储,范昊t,db,吴婷雄,1,10,1.3,NA,NA,NA,NA,4/1/2020
邮储,郜子健,浦发,刘乙一,1,10,1.45,NA,NA,NA,NA,4/1/2020
邮储,郜子健,浦发,刘乙一,1,10,1.65,NA,NA,NA,NA,4/1/2020
邮储,郜子健,浙商银行,龚亚婷,1,5,1.55,NA,NA,NA,NA,4/1/2020
华泰证券上海,李凯涛,浦发,白严 货币市场部,1,4,1.45,NA,NA,NA,NA,4/1/2020
东台农商行,NA,国开,米良,1,3,1.39,NA,NA,NA,NA,4/1/2020
宁夏银行,NA,国开,米良,1,10,1.39,NA,NA,NA,NA,4/1/2020
兴化农商行,NA,国开,米良,1,3,1.39,NA,NA,NA,NA,4/1/2020
广州银行,NA,国开,米良,1,20,1.403,depo,NA,NA,NA,4/1/2020
天府银行,NA,国开,米良,1,5,1.39,NA,NA,NA,NA,4/1/2020
北部湾银行,NA,国开,米良,1,20,1.39,NA,NA,NA,NA,4/1/2020
张家港农商行,NA,国开,米良,1,5,1.39,NA,NA,NA,NA,4/1/2020
dbs,吴m崧,mizuho,李敏,1,2,1.403,depo,NA,NA,NA,4/1/2020
dbs,吴m崧,jp,马之骏,1,9,1.403,depo,NA,NA,NA,4/1/2020
招商,刘雨桐 金融,武汉农商行,NA,1,20,1.39,NA,NA,NA,NA,4/1/2020
招商,刘雨桐 金融,武汉农商行,NA,1,20,1.39,NA,NA,NA,NA,4/1/2020
广发,裴铎,浦发,王珏 货币市场部,1,20,1.41,depo,NA,NA,NA,4/1/2020
广发,裴铎,浦发,王珏 货币市场部,1,30,1.41,depo,NA,NA,NA,4/1/2020
博时基金,骆力前,广发,裴铎,1,18,1.45,NA,NA,NA,NA,4/1/2020
博时基金,骆力前,广发,裴铎,1,1,1.45,NA,NA,NA,NA,4/1/2020
招商,韩翌飞 金融,光大,尹春辉,1,5,1.7,NA,NA,NA,NA,4/1/2020
招商,韩翌飞 金融,中金公司,黄妤晴,1,4.2,1.9,NA,NA,NA,NA,4/1/2020
招商,刘雨桐 金融,龙山农商行,NA,14,1,1.4,NA,NA,NA,NA,4/1/2020
招商,刘雨桐 金融,uob,赵一琪,14,2,1.4,NA,NA,NA,NA,4/1/2020
大成基金,NA,江苏银行上海,沈煜,1,2,1.45,NA,NA,NA,NA,4/1/2020
大成基金,NA,邮储,范昊t,1,6,1.45,NA,NA,NA,NA,4/1/2020
大成基金,NA,天津银行,NA,1,2,1.6,NA,NA,NA,NA,4/1/2020
大成基金,NA,招商基金,NA,1,3.2,1.7,NA,NA,NA,NA,4/1/2020
大成基金,NA,浦发资管,NA,1,5,1.7,NA,NA,NA,NA,4/1/2020
招商基金,NA,贵阳银行资管,NA,1,8,1.7,NA,NA,NA,NA,4/1/2020
上海农资管,NA,甘肃省联社,NA,12,2,1.7,NA,NA,NA,NA,4/1/2020
华泰柏瑞,NA,光大,尹春辉,1,5,1.7,NA,NA,NA,NA,4/1/2020
华泰柏瑞,NA,光大,王培萌,1,5,1.7,NA,NA,NA,NA,4/1/2020
华泰柏瑞,NA,天津银行,NA,1,5,1.6,NA,NA,NA,NA,4/1/2020
华泰柏瑞,NA,柳州银行,NA,1,9,1.6,NA,NA,NA,NA,4/1/2020
华泰柏瑞,NA,交银康联,NA,1,6.6,1.7,NA,NA,NA,NA,4/1/2020
华泰柏瑞,NA,光大,尹春辉,1,5,1.7,NA,NA,NA,NA,4/1/2020
华泰柏瑞,NA,泉州银行,许汉坡,1,5,1.7,NA,NA,NA,NA,4/1/2020
恒丰银行资管,NA,兴业银行,周平 计财部,1,30,1.45,NA,NA,NA,NA,4/1/2020
光大永明,NA,兴业银行,周平 计财部,1,5,1.45,NA,NA,NA,NA,4/1/2020
光大永明,NA,中金公司,黄妤晴,1,1,1.9,NA,NA,NA,NA,4/1/2020
光大永明,NA,兴业银行,周平 计财部,1,0.7,1.45,NA,NA,NA,NA,4/1/2020
光大永明,NA,平安银行,徐漫,1,2,1.45,NA,NA,NA,NA,4/1/2020
博时基金,刘硕,恒丰银行资管,NA,1,10,1.4,NA,NA,NA,NA,4/1/2020
博时基金,刘硕,恒丰银行资管,NA,1,10,1.4,NA,NA,NA,NA,4/1/2020
济南农商行,NA,渤海银行,NA,1,10,1.4,NA,NA,NA,NA,4/1/2020
济南农商行,NA,兴业银行,周平 计财部,1,5,1.45,NA,NA,NA,NA,4/1/2020
济南农商行,NA,兴业银行,周平 计财部,1,8,1.45,NA,NA,NA,NA,4/1/2020
东台农商行,NA,口行,姜怡,1,3,1.4,NA,NA,NA,NA,4/1/2020
江苏滨海农商行,NA,平安银行,徐漫,1,6,1.45,NA,NA,NA,NA,4/1/2020
肥东农商,NA,江苏银行上海,沈煜,1,5.7,1.45,NA,NA,NA,NA,4/1/2020
海尔财务,NA,恒丰银行,鲁岑,1,10,1.4,NA,NA,NA,NA,4/1/2020
海尔财务,NA,恒丰银行,鲁岑,1,7,1.4,NA,NA,NA,NA,4/1/2020
富国基金,沈佳妮,苏州农商,金秋子,1,3,1.5,NA,NA,NA,NA,4/1/2020
富国基金,孙天谌,民生银行金融市场部,高薪铭,1,6,1.2,NA,NA,NA,NA,4/1/2020
口行,孙志明,JP,NA,1,13.5,1.39,拆借,NA,NA,NA,4/1/2020
上海农商,NA,平安银行,徐漫,1,10,1.45,NA,NA,NA,NA,4/1/2020
上海农商,NA,武汉农商,NA,1,10,1.45,NA,NA,NA,NA,4/1/2020
兴业银行资管,高楚欣,民生银行资管,NA,7,0.2,1.9,NA,NA,NA,NA,4/1/2020
兴业银行资管,阮凯越,富国基金,NA,7,1,1.7,NA,NA,NA,NA,4/1/2020
兴业银行资管,阮凯越,光大银行,尹春辉,1,4.4,1.5,NA,NA,NA,NA,4/1/2020
恒大人寿,NA,国泰基金,NA,7,5,1.7,NA,NA,NA,NA,4/1/2020
交银康联人寿,NA,江苏银行上海,沈煜,1,1,1.5,NA,NA,NA,NA,4/1/2020
华夏基金,NA,民生银行资管,NA,7,0.6,1.9,NA,NA,NA,NA,4/1/2020
德邦基金,NA,江苏银行上海,沈煜,1,2,1.5,NA,NA,NA,NA,4/1/2020
洛阳银行,NA,恩施农商,NA,1,3,1.5,NA,NA,NA,NA,4/1/2020
万家基金,NA,哈尔滨银行,NA,1,6,1.5,NA,NA,NA,NA,4/1/2020
广州农商,NA,建行,吴凡,1,30,1.4,NA,NA,NA,NA,4/1/2020
广州农商,NA,浦发银行,白严 货币市场部,1,6,1.4,NA,NA,NA,NA,4/1/2020
秦农农商,NA,浦发银行,白严 货币市场部,1,10,1.4,NA,NA,NA,NA,4/1/2020
万家基金,NA,江苏银行上海,沈煜,1,1.3,1.5,NA,NA,NA,NA,4/1/2020
菏泽农商,NA,农行北京,甄志昊,1,5,1.4,NA,NA,NA,NA,4/1/2020
建信投资,NA,华安基金,NA,7,5,1.7,NA,NA,NA,NA,4/1/2020
南方基金,NA,民生银行资管,NA,1,2,1.6,NA,NA,NA,NA,4/1/2020
南方基金,NA,兴业银行,周平 计财部,1,12.13,1.5,NA,NA,NA,NA,4/1/2020
浦发,刘乙一 货币市场部,浙商,龚亚婷,1,10,1.41,depo,NA,NA,NA,4/1/2020
博时基金,NA,北京银行,胡畏,1,15,1.5,NA,NA,NA,NA,4/1/2020
恒丰银行资管,NA,甘肃省联社,NA,7,7,1.65,NA,NA,NA,NA,4/1/2020
百年人寿,NA,招行,邹萌 资负部,1,3,1.5,NA,NA,NA,NA,4/1/2020
中融基金,汪曼琪,招行,邹萌 资负部,1,1,1.5,NA,NA,NA,NA,4/1/2020
招行,邹萌 资负部,浦发,白严 货币市场部,1,50,1.403,拆借,NA,NA,net,4/1/2020
招行,邹萌 资负部,dbs,NA,1,5,1.403,拆借,NA,NA,NA,4/1/2020
招行,邹萌 资负部,ocbc,NA,1,5,1.403,拆借,NA,NA,NA,4/1/2020
招行,邹萌 资负部,citi,NA,1,5,1.403,拆借,NA,NA,NA,4/1/2020
招行,邹萌 资负部,永丰银行,滕世杰,1,1,1.403,拆借,NA,NA,NA,4/1/2020
招行,邹萌 资负部,蒙特利尔,NA,1,2.6,1.403,拆借,NA,NA,NA,4/1/2020
招行,邹萌 资负部,westpac,dora huang,1,0.4,1.403,拆借,NA,NA,NA,4/1/2020
招行,邹萌 资负部,盘谷银行,邓鹏程,1,2,1.4,拆借,NA,NA,NA,4/1/2020
招行,邹萌 资负部,瑞穗,NA,1,3,1.403,拆借,NA,NA,NA,4/1/2020
厦门农,李晶晶,国开,米良,1,5,1.4,NA,NA,NA,NA,4/1/2020
苏州农,陈晔,国开,米良,1,6,1.4,NA,NA,NA,NA,4/1/2020
恒生,金丽颖,国开,米良,1,10,1.4,NA,NA,NA,NA,4/1/2020
安徽省联社,NA,国开,米良,1,10,1.4,NA,NA,NA,NA,4/1/2020
兰州银行,NA,国开,米良,1,20,1.4,NA,NA,NA,NA,4/1/2020
赣州银行,NA,口行,黄鹏,1,3,1.4,NA,NA,NA,NA,4/1/2020
浙江省联社,NA,口行,黄鹏,1,10,1.4,NA,NA,NA,NA,4/1/2020
国金证券衍生品部,叶茜茜,口行,黄鹏,1,2,1.4,NA,NA,NA,NA,4/1/2020
国金证券衍生品部,叶茜茜,浦发银行,刘乙一,1,2,1.46,NA,NA,NA,NA,4/1/2020
国金证券衍生品部,叶茜茜,浦发银行,刘乙一,1,2,1.46,NA,NA,NA,NA,4/1/2020
国金证券衍生品部,叶茜茜,江苏银行sh,沈煜,1,2,1.44,NA,NA,NA,NA,4/1/2020
国金证券衍生品部,叶茜茜,江苏银行sh,沈煜,1,2,1.44,NA,NA,NA,NA,4/1/2020
国金证券衍生品部,叶茜茜,招行,邹萌 资负部,1,2,1.44,NA,NA,NA,NA,4/1/2020
国金证券衍生品部,叶茜茜,招行,邹萌 资负部,1,2,1.44,NA,NA,NA,NA,4/1/2020
国金证券衍生品部,叶茜茜,招行,邹萌 资负部,1,2,1.44,NA,NA,NA,NA,4/1/2020
银河基金,NA,青海省联社,NA,7,1.8,1.6,NA,NA,NA,NA,4/1/2020
百年人寿,NA,浦发银行,王珏 货币市场部,1,5.5,1.5,NA,NA,NA,NA,4/1/2020
国君资负部,梁清,杭州银行,NA,1,10,1.7,拆借,NA,NA,NA,4/1/2020
赣州银行,NA,恩施农商行,NA,1,3,1.3,NA,NA,NA,NA,4/1/2020
湛江农商,NA,郑州市郊联社,NA,1,4,1.4,NA,NA,NA,NA,4/1/2020
易方达基金,NA,浦发银行,刘乙一 货币市场部,1,10,1.6,NA,NA,NA,NA,4/1/2020
易方达基金,NA,光大银行,尹春辉,1,5,1.5,NA,NA,NA,NA,4/1/2020
招金财务,NA,兴业银行,周平,1,4.5,1.5,NA,NA,NA,NA,4/1/2020
国民银行,范春来,浦发银行,王珏 货币市场部,1,2,1.5,拆借,NA,NA,NA,4/1/2020
南山财务,NA,浦发银行,刘乙一 货币市场部,1,4.8,1.5,NA,NA,NA,NA,4/1/2020
bea,NA,渣打,江婉玲,1,1,1.403,拆借,NA,NA,NA,4/1/2020
bea,NA,db,吴婷雄,1,3,1.403,拆借,NA,NA,NA,4/1/2020
bea,NA,中信银行,潘岳新,1,6,1.4,NA,NA,NA,NA,4/1/2020
bea,NA,招行,邹萌 资负部,1,5,1.4,NA,NA,NA,NA,4/1/2020
浦发资管,李蕾,广发银行,裴铎,1,10,1.5,NA,NA,NA,NA,4/1/2020
浦发资管,王希哲,甘肃银行,黄瑜倩,1,5,1.6,NA,NA,NA,NA,4/1/2020
浦发资管,王希哲,光大银行,尹春辉,1,5,1.5,NA,NA,NA,NA,4/1/2020
浦发资管,王希哲,光大银行,王培萌,1,5,1.5,NA,NA,NA,NA,4/1/2020
浦发资管,吕雨田,渣打,严络诗,1,3,1.5,NA,NA,NA,NA,4/1/2020
浦发资管,吕雨田,兴业银行,周平,1,6,1.5,NA,NA,NA,NA,4/1/2020
浦发资管,吕雨田,兴业银行,周平,1,9,1.5,NA,NA,NA,NA,4/1/2020
浦发资管,杨庆彬,交银施罗德,NA,7,5,1.7,NA,NA,NA,NA,4/1/2020
浦发资管,杨庆彬,泉州银行,许汉坡,7,5,1.7,NA,NA,NA,NA,4/1/2020
浦发资管,杨庆彬,兰州银行,NA,1,5,1.8,NA,NA,NA,NA,4/1/2020
浦发资管,杨庆彬,柳州银行,NA,1,5,1.7,NA,NA,NA,NA,4/1/2020
浦发资管,杨庆彬,廊坊银行,孙选龙,1,5,1.6,NA,NA,NA,NA,4/1/2020
浦发资管,杨庆彬,建行,矫,1,20,1.5,NA,NA,NA,NA,4/1/2020
浦发资管,贺依婷,华安基金,NA,7,1,1.7,NA,NA,NA,NA,4/1/2020
浦发资管,贺依婷,招行,邹萌 资负部,1,1,1.5,NA,NA,NA,NA,4/1/2020
湖北银行,程诗明,宁波银行,赵宇涵,7,7,1.9,NA,NA,NA,NA,4/1/2020
浦发资管,李蕾,招行,张巧栩 资负部,1,10,1.5,NA,NA,NA,NA,4/1/2020
国金证券衍生品部,叶茜茜,合众人寿,NA,1,0.5,1.46,NA,NA,NA,NA,4/1/2020
易方达基金,NA,泉州银行,许汉坡,1,5,1.8,NA,NA,NA,NA,4/1/2020
易方达基金,NA,贵州银行资管,NA,1,7,1.8,NA,NA,NA,NA,4/1/2020
宁波通商银行,NA,江苏银行sh,沈煜,1,5,1.39,NA,NA,NA,NA,4/1/2020
扬州农商,NA,国开,米良,1,3,1.7,NA,NA,NA,NA,4/1/2020
宜兴农商,NA,国开,米良,1,5,1.7,NA,NA,NA,NA,4/1/2020
工银瑞信,NA,光大银行,王培萌,1,20,1.5,NA,NA,NA,NA,4/1/2020
光大银行,王培萌,农行bj,甄志昊,1,50,1.5,depo,NA,NA,NA,4/1/2020
广发基金,NA,光大银行,王培萌,1,10,1.5,NA,NA,NA,NA,4/1/2020
交银施罗德,NA,光大银行,王培萌,1,5,1.5,NA,NA,NA,NA,4/1/2020
光大银行,尹春辉,建行,NA,1,50,1.5,depo,NA,NA,NA,4/1/2020
浦银安盛,NA,光大银行,尹春辉,1,5,1.5,NA,NA,NA,NA,4/1/2020
光大证券,NA,光大银行,尹春辉,1,3,1.5,NA,NA,NA,NA,4/1/2020
广发基金,NA,光大银行,尹春辉,1,5,1.5,NA,NA,NA,NA,4/1/2020
交行,姚怡辰,蒙特利尔,NA,1,2.1,1.403,depo,NA,NA,NA,4/1/2020
交行,姚怡辰,建行,NA,1,40,1.403,depo,NA,NA,NA,4/1/2020
交行,徐昕,citi,熊婧t,1,7,1.403,depo,NA,NA,NA,4/1/2020
工银瑞信,NA,民生银行,高薪铭,1,1.6,1.2,NA,NA,NA,NA,4/1/2020
交银施罗德,NA,民生银行资管,NA,1,16.5,1.7,NA,NA,NA,NA,4/1/2020
交银施罗德,NA,恒丰银行资管,NA,1,15,1.5,NA,NA,NA,NA,4/1/2020
交银施罗德,NA,恒丰银行资管,NA,1,3.06,1.5,NA,NA,NA,NA,4/1/2020
民生银行资管,NA,国寿养老,NA,7,0.98,1.5,NA,NA,NA,NA,4/1/2020
民生银行资管,NA,国寿养老,NA,7,0.84,1.5,NA,NA,NA,NA,4/1/2020
广发基金,NA,天津银行,NA,1,5,1.6,NA,NA,NA,NA,4/1/2020
工银瑞信,NA,天津银行,NA,1,5,1.6,NA,NA,NA,NA,4/1/2020
江南农商,王洁姣,恩施农商,NA,1,3,1.3,NA,NA,NA,NA,4/1/2020
江南农商,王洁姣,重庆银行,NA,1,5,1.3,NA,NA,NA,NA,4/1/2020
杭州银行,陈璐,重庆银行,NA,1,5,1.3,NA,NA,NA,NA,4/1/2020
方正富邦基金,NA,兴业银行,周平 计财部,1,1.47,1.5,NA,NA,NA,NA,4/1/2020
方正富邦基金,NA,兴业银行,周平 计财部,1,0.9,1.5,NA,NA,NA,NA,4/1/2020
交银施罗德基金,NA,江苏银行sh,沈煜,1,5.66,1.5,NA,NA,NA,NA,4/1/2020
华林证券,NA,招商银行,邹萌 资负部,1,2,1.5,NA,NA,NA,NA,4/1/2020
南京证券,NA,招商银行,邹萌 资负部,1,2,1.5,NA,NA,NA,NA,4/1/2020
海通证券资管,NA,平安银行,徐漫,1,3,1.5,NA,NA,NA,NA,4/1/2020
浦发,王珏 货币市场部,首都银行,NA,1,0.8,1.403,depo,NA,NA,NA,4/1/2020
